{
    "ConfigVersion": 10,
    "ID": 311,
    "ObjectiveType": 3,
    "ObjectiveText": "Zkontroluj letadlo",
    "TimeLimit": -1,
    "Position": [
        935.10302734375,
        396.96099853515627,
        3845.739990234375
    ],
    "MaxDistance": 15.0,
    "MarkerName": "Zkus to tady",
    "ShowDistance": 1
}