{
    "ConfigVersion": 8,
    "ID": 312,
    "ObjectiveType": 3,
    "ObjectiveText": "Tajemství - Secret",
    "TimeLimit": -1,
    "Position": [
        659.64697265625,
        3.0206000804901125,
        2961.510009765625
    ],
    "MaxDistance": 5.0,
    "MarkerName": "Q89",
    "ShowDistance": 1
}