{
    "ConfigVersion": 7,
    "ID": 308,
    "ObjectiveType": 3,
    "ObjectiveText": "Prozkoumej letiště",
    "TimeLimit": -1,
    "Position": [
        7899.77001953125,
        18.339019775390626,
        911.3569946289063
    ],
    "MaxDistance": 50.0,
    "MarkerName": "Zkus to tady",
    "ShowDistance": 1
}