{
    "m_Version": 5,
    "m_ZoneName": "OUTLIVE Trader",
    "m_DisplayName": "OUTLIVE Smuggler Trader",
    "Position": [
        9945.5498046875,
        36.532901763916019,
        5359.77978515625
    ],
    "Radius": 30.0,
    "BuyPricePercent": 100.0,
    "SellPricePercent": 30.0,
    "Stock": {
    }
}