{
    "m_Version": 7,
    "Enabled": 1,
    "FrameRateCheckSafeZoneInMs": 0,
    "CircleZones": [
        {
            "Center": [
                4291.58984375,
                25.247800827026368,
                4162.5
            ],
            "Radius": 130.0
        },
        {
            "Center": [
                9945.5498046875,
                36.532901763916019,
                5359.77978515625
            ],
            "Radius": 50.0
        }
    ],
    "PolygonZones": [],
    "ActorsPerTick": 5,
    "DisableVehicleDamageInSafeZone": 1,
    "EnableForceSZCleanup": 0,
    "ItemLifetimeInSafeZone": 900.0,
    "ForceSZCleanup_ExcludedItems": []
}